appsgenz_launcherios_pro-01.jpg	https://play-lh.googleusercontent.com/xwRWYADdthyTsdHhT649mC_7lZ4Zjp3k3-9oajQQogeDw1hEq_sl3laK21YplPi1ygGCwR6Og1ohYbP5Rhzh1Q=w1052-h592
appsgenz_launcherios_pro-02.jpg	https://play-lh.googleusercontent.com/C2NXVs8ChvsrU5TZSlC92JwdbJqd_2Xpx-k9oIwl9pIZBKQCmCI6pSkcGzDx9mBsEW2askq65owMtDrP8i0l=w1052-h592
appsgenz_launcherios_pro-03.jpg	https://play-lh.googleusercontent.com/onom2mMjh5iPXgxC3rGtwxDsSIeO929xYOyKBLng8v5EXibnNzHhfo6ksEk2KbEb2O-vYNoHXB6KVNgBHYPytg=w1052-h592
appsgenz_launcherios_pro-04.jpg	https://play-lh.googleusercontent.com/V7iJLmpXC_TY7PkGKJs7vj9RYQrqEwCj8W__Y47em1kPONLCF2tFAiGaFIUHEtirdEKrIwkr9GmgOH3Uhhk9mg=w1052-h592
babydola_launcherios-01.jpg	https://play-lh.googleusercontent.com/J74qbBqf2V563TyfwSNZQLvofQvaZ4Dgg97gfZfcK-D8CjfeJrGyy1Trov22zlWXh-PQQUbIUBsQmgSq5NiCAg=w1052-h592
babydola_launcherios-02.jpg	https://play-lh.googleusercontent.com/E0TQBIhRYGpCCEB2KTUtRyMsxBgXSwznCRjSCjhvr-GQ86SIAUJD0pcMX-s0NXd5XSvxToJDljQekHdlAzItpg=w1052-h592
babydola_launcherios-03.jpg	https://play-lh.googleusercontent.com/eLOlNTZ1ChYW1cv3i0skvLAjjf31yfOrj_JHCLQf81h6-52f-cZzs1lsHYn4piVmhb6PWwGEmLjUBGWsWULWzvc=w1052-h592
babydola_launcherios-04.jpg	https://play-lh.googleusercontent.com/ST19a8DnUDiFZ_OAu3ELHAHa5sIg0JAN2AEypVBLzDhbUsR-ARLiXXFBQANr0Rs5q1idqa2fcYXvjQojCA8d0p8=w1052-h592
calendarlauncher-01.jpg	https://play-lh.googleusercontent.com/QuJEYxtiKZOsa4OFo81wzbDhJqA2ES3jdJnje0ePVNPx0FIgPtpE4_THpStBXZwz9NfAVL6krur0x1wUELDxLQ=w1052-h592
calendarlauncher-02.jpg	https://play-lh.googleusercontent.com/jejCBXQ-SvWgwAqaQHkEL7phRA8cX5k4CxPoRyVSZ841YTAEJiCvr18oATGxLZlF0lMe9lAQANBMeW6iXa_Ck94=w1052-h592
calendarlauncher-03.jpg	https://play-lh.googleusercontent.com/SjEuG_7G1YVmx_ZuML5-oC-Kz23luzZp6JqommmPRXDY6Fq-0F8MJ5nm70szgRtw8PUaHn_B4NAk_ZLigRDp=w1052-h592
calendarlauncher-04.jpg	https://play-lh.googleusercontent.com/wCoJuZPIuQ5zyCqawS-tmL8vxGy2vvfUOJcURSLaR7-5ptofuAVK4gliHqlVSl1X09Q0h0A9FOrh-XWtTddpIw=w1052-h592
control_center_launcherapp-01.jpg	https://play-lh.googleusercontent.com/mnaYUd2HKLDW_nJS0OfXC7MtUe9mzltCtcqafASGZXyfyAteBkeeDhFnTX0K_43UFfW3bdZirAYFmDCIOj9fcA=w1052-h592
control_center_launcherapp-02.jpg	https://play-lh.googleusercontent.com/8GjsYdOUUme82G0DhX1tKyWhIWHgIo-nNYqbJERnk-gh9I37llYMmWc3xcAiF7fAumJkgYXsGlL8py9QHiNG=w1052-h592
control_center_launcherapp-03.jpg	https://play-lh.googleusercontent.com/0UVUVdY1Es6EJGUdV96TxQ4O8yiE0ppdzQW0dfMaoi8OACkXqLU1RalIrjSD_ZJ4k_CubSsVIdKV8VTURkaiQA=w1052-h592
control_center_launcherapp-04.jpg	https://play-lh.googleusercontent.com/HGNHDHk_UxoxtFBun5gwVBHeHdJu0ZXDZblTdBPhtdeoCabZVOUgD-tk6-68Y_QVuy69CS79tszWcSgZYaJ9kd0=w1052-h592
glx_bhnd-01.jpg	https://play-lh.googleusercontent.com/pORy8ak33HBHp9-qnvaMMz9kmF4JgzBSKoKIpRtgOszAMi5tWfFbwXbJPauYi1xRzBjvQBr3krNQPvd13RvWCw=w1052-h592
glx_bhnd-02.jpg	https://play-lh.googleusercontent.com/71aeaW8-toByZ5HZQ3ngnyWOB64rxqfBUpApAEplfWlkSzXEsemydbk47pgSAlvCCSW9LQKqh_J_cBiWe1By=w1052-h592
glx_bhnd-03.jpg	https://play-lh.googleusercontent.com/T7iiUdbYn026dgb7j7q8uIn7OuJCCPVnN3qqeytyAkLGKTm81yH0bKlIAw2Z48--jgXZR8SCgAuPwODPvqdbtA=w1052-h592
glx_bhnd-04.jpg	https://play-lh.googleusercontent.com/g4tIZn7XgkR7LNAcv6EvpuL8-gf6gNQKwGjzyT8HjAp2b6HgL9T16exz4Kjb6gPU0f6wrhGW0rRJKEffhR7e=w1052-h592
hilauncher-01.jpg	https://play-lh.googleusercontent.com/HKNk-hEklRxW-CUr_AE0fTBX_nQWeb6xya_j578P5CuBBguct1aTCrSYpi6jEh8Dh54=w1052-h592
hilauncher-02.jpg	https://play-lh.googleusercontent.com/bSV8fF7idjTwV_HECJSWN9S1atUcpES12Aic3fPDo5323BKTxD5dl3dTxxm5CYbQCWv_=w1052-h592
hilauncher-03.jpg	https://play-lh.googleusercontent.com/Z6v-EJJysqLn0hv-99fN9KFlLUSeZLqKp8IZ4dxtU3dyGtgTOvCKd8T7B1Tl0_RBIh0=w1052-h592
hilauncher-04.jpg	https://play-lh.googleusercontent.com/KrPiSL9M8gDIZCfHy3QeXMj-mbv9zkATq-w9jQG8vkRQSLat449mMJ93CTxeiINdRcI=w1052-h592
launcher_os_launcher-01.jpg	https://play-lh.googleusercontent.com/k7CwV4NPcse-q09Z5Xoje58C94uv7SuCn0LmpQe7-6cYCKxjEUn9HvkWIQTF-IlAQdEKIXOX3CGmnvOuckqFIg=w1052-h592
launcher_os_launcher-02.jpg	https://play-lh.googleusercontent.com/gNbUkObB-ww96L4ll11cKJJaQC3y4b5H1SXcJwdKhQL6liD3PNf3j8oumZ-8OWYWo-qwAUtN2aPbkWDZOirePA=w1052-h592
launcher_os_launcher-03.jpg	https://play-lh.googleusercontent.com/Krwlb2lQIkDjgslAyRQ5AlMPUzaRvw1q6f2kx-_bx9pe7lF8-mHJoizcSubeQz0CiAUw5lTQ4uoCJ22QW6h2sQ=w1052-h592
launcher_os_launcher-04.jpg	https://play-lh.googleusercontent.com/7fEaOO7079zkCEF2-sd2FbF_om6Sv3_CUlGmxMKtfhHo4Plflje37LagNH-IyAmmOmPT-d8hOLa5GMut2bfwgA=w1052-h592
olauncher-01.jpg	https://play-lh.googleusercontent.com/p1wFMX-LU7qAaREN1GLjq35H1_-NzIBwKSfnjdVD7S8cafN9Leib_i4m3vbiYXZ4G-49kJCpUmpR07wmHvjoBA=w1052-h592
olauncher-02.jpg	https://play-lh.googleusercontent.com/eAqw1hySr2wcraHuFqJF3OgcrIPgiPnkBy7cfPjJuhYCXurTSzuMxp1LnOa-WoChJLYO_0otUT_2Jr0blQm1Txc=w1052-h592
olauncher-03.jpg	https://play-lh.googleusercontent.com/niiBxU_9fliYJtoTGVdHel25sbmj9ujXD7iyIgXGIYUepUxcJdj_hEox8Q_fMHAwZeivQhLkGhsCEURQjYR9=w1052-h592
olauncher-04.jpg	https://play-lh.googleusercontent.com/VpRqXVa11kUel5-P0O4mITuiPWubnb-azyHcQuQqTMtIUGSLdrnTdGvkieuN_fQzYsjbnPjpHeoZmClC6lfw=w1052-h592
s9launcher-01.jpg	https://play-lh.googleusercontent.com/gk5nddBBy1_KEeRxXuXhii3RjRMN9na7Cie0uHkDWfevYU-7rttiAbQqRnGMq0s5Des=w1052-h592
s9launcher-02.jpg	https://play-lh.googleusercontent.com/O8ILd658pBXRy7GGBXUhvEguG0jWSoWqMcSdEuGSsbA3UP5yP8Nx0z0yQirlCQZRFA=w1052-h592
s9launcher-03.jpg	https://play-lh.googleusercontent.com/boqgS6KW9jxHJV2KD4sflQqozzpHDit5lycIx6b2jUdbMYg_bFsavpcWjYJ-jOYVm_Q=w1052-h592
s9launcher-04.jpg	https://play-lh.googleusercontent.com/n4QXvMQwrKcn1o2KRrpv1kCwwNvACWlNl_xMCrCUb49N6xS1vu47XoyylUAqNwXst3by=w1052-h592
samsung_launcher-01.jpg	https://play-lh.googleusercontent.com/eby0ITlfHV4ZbCpcNyYkY_IG9zBy1x4-ogOXyQUkFvOwnXCL-Dk6BpGsNQ4dVc1-NYHJfc0gkD7S7Dgwb9WD=w1052-h592
samsung_launcher-02.jpg	https://play-lh.googleusercontent.com/AjZYWnHkl2ozAIsJmOtswt5xLEPVtHdeN7PjV4yOYGGPHLHZJxDJyTZwhKE3pcAMAvORPpUj_4DiDbZ0c2j4=w1052-h592
samsung_launcher-03.jpg	https://play-lh.googleusercontent.com/Vp0ny13A5tFCWH9Gi5i9x8qxHwGN7DWox9S9UpSRWedDT1u_m1XMVSzVn1UmdjnlFxVPs4-ctOzeJrK7hTzTFQ=w1052-h592
samsung_launcher-04.jpg	https://play-lh.googleusercontent.com/aYm6nbumMCSS1CLqkEI0C0eaOmXw0GI-PnEnw9Ab3C71RSw-nPvjF6MYtZnBBav3COHYjTPDQoyo7oYk5WB-=w1052-h592
smart_phonelauncher_os_style-01.jpg	https://play-lh.googleusercontent.com/9OvZEsEGdXqlOaLLsoMAeMWW1L0G8J2KqwB9F1NnhJBWwnQrRhH1DkPYb1wE3BP7fZgOJXGuUGCgYgPpVlWhKw=w1052-h592
smart_phonelauncher_os_style-02.jpg	https://play-lh.googleusercontent.com/9QUm9HUejAb0SgH9l_lPABpjmGiih6yXuOc1sY9iKs8YzpKL5MET-7OQ4zF4lJX0ZjevWn82lDxz9eCh2a_Ciw=w1052-h592
smart_phonelauncher_os_style-03.jpg	https://play-lh.googleusercontent.com/NOkXWmWsuUwDh4v2SVwNGakawZ7Hyyw9YL4HxXc93ikpgW89x4TiTbTUCEgUTN3m-m3cQggRMUkpp_7IXBJoU6U=w1052-h592
smart_phonelauncher_os_style-04.jpg	https://play-lh.googleusercontent.com/f7r0M0sVlR6qUn4BeGuUxS1WbVfrhbB4rBseQ-6Yg3hgs4khUmKKAFLlaOeaOKt_dwhWpbzhE4C4gZ_W6LqjTw=w1052-h592
xphone_pro-01.jpg	https://play-lh.googleusercontent.com/1vgMdo_YPSYnyYAcUas1z-qkX4WPe1tNFIi7Kio69XYGs8X8UkRtYK9fh2tBtaDoEw=w1052-h592
xphone_pro-02.jpg	https://play-lh.googleusercontent.com/CN5OB9EkT2w5sLwtum-F40QYpRQwb0GcsWMxz5dp4WJK6gHn1UfVQ7qb-NCtpe6tufw=w1052-h592
xphone_pro-03.jpg	https://play-lh.googleusercontent.com/_bS5vWQoURVkyEQymLEoCLV4z38s-sw-0WOhf-zCuOKM4pS5nH5AB5_TjrgQ0FBIZio=w1052-h592
xphone_pro-04.jpg	https://play-lh.googleusercontent.com/mdrPPL14nAhdnOi3uJi9TksBSils6jAi6f7oAbUtC86numAQsRGA16gupRaDqBXFZtc=w1052-h592
